task_id,model_family,model_variant,seed,split_id,metric_name,metric_value,metric_role
cellppd,chemeleon,CheMeleon,303,test,mcc,0.9005004170528446,primary
cellppd,chemeleon,CheMeleon,303,test,f1,0.9491525423728814,primary
cellppd,chemeleon,CheMeleon,303,test,accuracy,0.95,secondary
cellppd,chemeleon,CheMeleon,303,test,precision,0.9655172413793104,secondary
cellppd,chemeleon,CheMeleon,303,test,recall,0.9333333333333332,secondary
cellppd,chemeleon,CheMeleon,303,test,auroc,0.9824222222222224,primary
cellppd,chemeleon,CheMeleon,101,test,mcc,0.8735080524174728,primary
cellppd,chemeleon,CheMeleon,101,test,f1,0.936026936026936,primary
cellppd,chemeleon,CheMeleon,101,test,accuracy,0.9366666666666666,secondary
cellppd,chemeleon,CheMeleon,101,test,precision,0.9455782312925172,secondary
cellppd,chemeleon,CheMeleon,101,test,recall,0.9266666666666666,secondary
cellppd,chemeleon,CheMeleon,101,test,auroc,0.9823777777777778,primary
cellppd,chemeleon,CheMeleon,202,test,mcc,0.9009816035771264,primary
cellppd,chemeleon,CheMeleon,202,test,f1,0.9488054607508531,primary
cellppd,chemeleon,CheMeleon,202,test,accuracy,0.95,secondary
cellppd,chemeleon,CheMeleon,202,test,precision,0.972027972027972,secondary
cellppd,chemeleon,CheMeleon,202,test,recall,0.9266666666666666,secondary
cellppd,chemeleon,CheMeleon,202,test,auroc,0.9829777777777776,primary
cellppd,xgboost_morgan,xgboost-morgan,303,test,mcc,0.8953251604066217,primary
cellppd,xgboost_morgan,xgboost-morgan,303,test,f1,0.9448275862068966,primary
cellppd,xgboost_morgan,xgboost-morgan,303,test,accuracy,0.9466666666666668,secondary
cellppd,xgboost_morgan,xgboost-morgan,303,test,precision,0.9785714285714284,secondary
cellppd,xgboost_morgan,xgboost-morgan,303,test,recall,0.9133333333333332,secondary
cellppd,xgboost_morgan,xgboost-morgan,303,test,auroc,0.9917777777777778,primary
cellppd,xgboost_morgan,xgboost-morgan,101,test,mcc,0.8900154693670703,primary
cellppd,xgboost_morgan,xgboost-morgan,101,test,f1,0.940766550522648,primary
cellppd,xgboost_morgan,xgboost-morgan,101,test,accuracy,0.9433333333333334,secondary
cellppd,xgboost_morgan,xgboost-morgan,101,test,precision,0.9854014598540146,secondary
cellppd,xgboost_morgan,xgboost-morgan,101,test,recall,0.9,secondary
cellppd,xgboost_morgan,xgboost-morgan,101,test,auroc,0.9919555555555556,primary
cellppd,xgboost_morgan,xgboost-morgan,202,test,mcc,0.8890604741769945,primary
cellppd,xgboost_morgan,xgboost-morgan,202,test,f1,0.9411764705882352,primary
cellppd,xgboost_morgan,xgboost-morgan,202,test,accuracy,0.9433333333333334,secondary
cellppd,xgboost_morgan,xgboost-morgan,202,test,precision,0.9784172661870504,secondary
cellppd,xgboost_morgan,xgboost-morgan,202,test,recall,0.9066666666666666,secondary
cellppd,xgboost_morgan,xgboost-morgan,202,test,auroc,0.9919111111111112,primary
cellppd,xgboost_rdkit,xgboost-rdkit,303,test,mcc,0.8267401579471307,primary
cellppd,xgboost_rdkit,xgboost-rdkit,303,test,f1,0.913907284768212,primary
cellppd,xgboost_rdkit,xgboost-rdkit,303,test,accuracy,0.9133333333333332,secondary
cellppd,xgboost_rdkit,xgboost-rdkit,303,test,precision,0.9078947368421052,secondary
cellppd,xgboost_rdkit,xgboost-rdkit,303,test,recall,0.92,secondary
cellppd,xgboost_rdkit,xgboost-rdkit,303,test,auroc,0.9681777777777776,primary
cellppd,xgboost_rdkit,xgboost-rdkit,101,test,mcc,0.8400746766236974,primary
cellppd,xgboost_rdkit,xgboost-rdkit,101,test,f1,0.9205298013245032,primary
cellppd,xgboost_rdkit,xgboost-rdkit,101,test,accuracy,0.92,secondary
cellppd,xgboost_rdkit,xgboost-rdkit,101,test,precision,0.9144736842105264,secondary
cellppd,xgboost_rdkit,xgboost-rdkit,101,test,recall,0.9266666666666666,secondary
cellppd,xgboost_rdkit,xgboost-rdkit,101,test,auroc,0.968,primary
cellppd,xgboost_rdkit,xgboost-rdkit,202,test,mcc,0.8200182228296521,primary
cellppd,xgboost_rdkit,xgboost-rdkit,202,test,f1,0.9102990033222592,primary
cellppd,xgboost_rdkit,xgboost-rdkit,202,test,accuracy,0.91,secondary
cellppd,xgboost_rdkit,xgboost-rdkit,202,test,precision,0.9072847682119204,secondary
cellppd,xgboost_rdkit,xgboost-rdkit,202,test,recall,0.9133333333333332,secondary
cellppd,xgboost_rdkit,xgboost-rdkit,202,test,auroc,0.9692444444444444,primary
cellppd,chemberta77m,ChemBERTa-77M-MTR,303,test,mcc,0.7633320072079518,primary
cellppd,chemberta77m,ChemBERTa-77M-MTR,303,test,f1,0.8741258741258742,primary
cellppd,chemberta77m,ChemBERTa-77M-MTR,303,test,accuracy,0.88,secondary
cellppd,chemberta77m,ChemBERTa-77M-MTR,303,test,precision,0.9191176470588236,secondary
cellppd,chemberta77m,ChemBERTa-77M-MTR,303,test,recall,0.8333333333333334,secondary
cellppd,chemberta77m,ChemBERTa-77M-MTR,303,test,auroc,0.9404888888888888,primary
cellppd,chemberta77m,ChemBERTa-77M-MTR,101,test,mcc,0.7633320072079518,primary
cellppd,chemberta77m,ChemBERTa-77M-MTR,101,test,f1,0.8741258741258742,primary
cellppd,chemberta77m,ChemBERTa-77M-MTR,101,test,accuracy,0.88,secondary
cellppd,chemberta77m,ChemBERTa-77M-MTR,101,test,precision,0.9191176470588236,secondary
cellppd,chemberta77m,ChemBERTa-77M-MTR,101,test,recall,0.8333333333333334,secondary
cellppd,chemberta77m,ChemBERTa-77M-MTR,101,test,auroc,0.9407555555555556,primary
cellppd,chemberta77m,ChemBERTa-77M-MTR,202,test,mcc,0.7767237968080913,primary
cellppd,chemberta77m,ChemBERTa-77M-MTR,202,test,f1,0.8811188811188811,primary
cellppd,chemberta77m,ChemBERTa-77M-MTR,202,test,accuracy,0.8866666666666667,secondary
cellppd,chemberta77m,ChemBERTa-77M-MTR,202,test,precision,0.9264705882352942,secondary
cellppd,chemberta77m,ChemBERTa-77M-MTR,202,test,recall,0.84,secondary
cellppd,chemberta77m,ChemBERTa-77M-MTR,202,test,auroc,0.948,primary
cellppd,cellppd,peptideclm-2-mlm-large,303,test,mcc,0.8711192161083637,primary
cellppd,cellppd,peptideclm-2-mlm-large,303,test,f1,0.9325068870523416,primary
cellppd,cellppd,peptideclm-2-mlm-large,303,test,accuracy,0.9346666666666666,secondary
cellppd,cellppd,peptideclm-2-mlm-large,303,test,precision,0.9643874643874644,secondary
cellppd,cellppd,peptideclm-2-mlm-large,303,test,recall,0.9026666666666666,secondary
cellppd,cellppd,peptideclm-2-mlm-large,303,test,auroc,0.9789813333333334,primary
cellppd,cellppd,peptideclm-2-mlm-large,101,test,mcc,0.8759869427311965,primary
cellppd,cellppd,peptideclm-2-mlm-large,101,test,f1,0.9341040462427745,primary
cellppd,cellppd,peptideclm-2-mlm-large,101,test,accuracy,0.9366666666666666,secondary
cellppd,cellppd,peptideclm-2-mlm-large,101,test,precision,0.9734939759036144,secondary
cellppd,cellppd,peptideclm-2-mlm-large,101,test,recall,0.8977777777777778,secondary
cellppd,cellppd,peptideclm-2-mlm-large,101,test,auroc,0.9832246913580247,primary
cellppd,cellppd,peptideclm-2-mlm-large,202,test,mcc,0.878036043364561,primary
cellppd,cellppd,peptideclm-2-mlm-large,202,test,f1,0.9374149659863945,primary
cellppd,cellppd,peptideclm-2-mlm-large,202,test,accuracy,0.9386666666666666,secondary
cellppd,cellppd,peptideclm-2-mlm-large,202,test,precision,0.9569444444444445,secondary
cellppd,cellppd,peptideclm-2-mlm-large,202,test,recall,0.9186666666666666,secondary
cellppd,cellppd,peptideclm-2-mlm-large,202,test,auroc,0.9807946666666666,primary
cellppd,cellppd,peptideclm-2-hybrid-large,303,test,mcc,0.8560273933148861,primary
cellppd,cellppd,peptideclm-2-hybrid-large,303,test,f1,0.927710843373494,primary
cellppd,cellppd,peptideclm-2-hybrid-large,303,test,accuracy,0.928,secondary
cellppd,cellppd,peptideclm-2-hybrid-large,303,test,precision,0.9314516129032258,secondary
cellppd,cellppd,peptideclm-2-hybrid-large,303,test,recall,0.924,secondary
cellppd,cellppd,peptideclm-2-hybrid-large,303,test,auroc,0.9775253333333332,primary
cellppd,cellppd,peptideclm-2-hybrid-large,101,test,mcc,0.8625609602999391,primary
cellppd,cellppd,peptideclm-2-hybrid-large,101,test,f1,0.9287671232876712,primary
cellppd,cellppd,peptideclm-2-hybrid-large,101,test,accuracy,0.9306666666666666,secondary
cellppd,cellppd,peptideclm-2-hybrid-large,101,test,precision,0.9549295774647887,secondary
cellppd,cellppd,peptideclm-2-hybrid-large,101,test,recall,0.904,secondary
cellppd,cellppd,peptideclm-2-hybrid-large,101,test,auroc,0.9754915555555554,primary
cellppd,cellppd,peptideclm-2-hybrid-large,202,test,mcc,0.8604755534678703,primary
cellppd,cellppd,peptideclm-2-hybrid-large,202,test,f1,0.9228591648973815,primary
cellppd,cellppd,peptideclm-2-hybrid-large,202,test,accuracy,0.9273333333333333,secondary
cellppd,cellppd,peptideclm-2-hybrid-large,202,test,precision,0.9834087481146304,secondary
cellppd,cellppd,peptideclm-2-hybrid-large,202,test,recall,0.8693333333333333,secondary
cellppd,cellppd,peptideclm-2-hybrid-large,202,test,auroc,0.9757653333333333,primary
cellppd,cellppd,peptideclm-2-mtr-large,303,test,mcc,0.8696432349930008,primary
cellppd,cellppd,peptideclm-2-mtr-large,303,test,f1,0.9304589707927677,primary
cellppd,cellppd,peptideclm-2-mtr-large,303,test,accuracy,0.9333333333333333,secondary
cellppd,cellppd,peptideclm-2-mtr-large,303,test,precision,0.9723837209302325,secondary
cellppd,cellppd,peptideclm-2-mtr-large,303,test,recall,0.892,secondary
cellppd,cellppd,peptideclm-2-mtr-large,303,test,auroc,0.9739573333333335,primary
cellppd,cellppd,peptideclm-2-mtr-large,101,test,mcc,0.8618101546841641,primary
cellppd,cellppd,peptideclm-2-mtr-large,101,test,f1,0.9261838440111421,primary
cellppd,cellppd,peptideclm-2-mtr-large,101,test,accuracy,0.9293333333333333,secondary
cellppd,cellppd,peptideclm-2-mtr-large,101,test,precision,0.9693877551020408,secondary
cellppd,cellppd,peptideclm-2-mtr-large,101,test,recall,0.8866666666666667,secondary
cellppd,cellppd,peptideclm-2-mtr-large,101,test,auroc,0.9758471111111112,primary
cellppd,cellppd,peptideclm-2-mtr-large,202,test,mcc,0.8686015633371859,primary
cellppd,cellppd,peptideclm-2-mtr-large,202,test,f1,0.929616724738676,primary
cellppd,cellppd,peptideclm-2-mtr-large,202,test,accuracy,0.9326666666666666,secondary
cellppd,cellppd,peptideclm-2-mtr-large,202,test,precision,0.9737226277372263,secondary
cellppd,cellppd,peptideclm-2-mtr-large,202,test,recall,0.8893333333333333,secondary
cellppd,cellppd,peptideclm-2-mtr-large,202,test,auroc,0.9752355555555555,primary
